"id","name","updatedAt","homework_id"
1,"name01","2023-06-25 10:00:10.793432",1
2,"name02","2023-06-25 10:00:22.313894",1
3,"name03","2023-06-25 10:01:20.709931",2
4,"name04","2023-06-25 10:01:20.709931",3
7,"name07","2023-06-25 10:01:20.709931",5
8,"lesson01","2023-06-25 18:38:30.673008",2
16,"lesson03","2023-06-25 21:12:25.508665",2
17,"lesson06","2023-06-25 21:13:18.170119",5
19,"lessonQQQ","2023-06-25 22:53:38.38017",5
20,"lessonQQQ","2023-06-25 22:54:01.683507",5
21,"lessonQwwQQ","2023-06-26 00:29:22.321254",5
22,"lessonQwwwwQQ","2023-06-26 00:30:44.956574",5
